,A,B,C,D
2000-01-01,-0.6957269434024874,0.03829224240032989,0.8993834610509609,-0.2470412355473613
2000-01-02,0.12095316604248507,1.2637310416124614,-1.394537770936279,-0.6378149320563182
2000-01-03,-1.042178857183567,0.6351328955364832,-2.0052603348216587,-2.3952675621700994
2000-01-04,1.228535146042709,-1.5407611177969462,-2.302011693473008,-1.9037713297706547
2000-01-05,0.33877344021093125,0.07782888721796888,-0.8700159508802501,-0.8823040867033589
2000-01-06,-0.7566145723247468,-0.41773024501434775,-1.399708303094091,-1.295372634898308
2000-01-07,0.5704993135989125,-1.3985097060438605,-0.6387264856693939,-0.8525233072322218
2000-01-08,-0.6486846816429834,-1.8413094140663746,-2.6694638241798136,1.023887563165589
2000-01-09,-1.1843848862900486,-1.0434336028640192,-3.8966235067493793,1.097064827716833
2000-01-10,-0.3759068524812681,-1.0662215098417607,-1.9400519935786489,0.6801618538569865
2000-01-11,-1.0918707695170473,-2.359446223490365,-0.9015569490498287,0.4791202417422994
2000-01-12,-0.453491070756595,-0.7966809708672022,-1.7503284411288114,0.7616532889723753
2000-01-13,-0.32155392731720883,-0.3600983384856322,-1.3083563151730562,0.01178427083093403
2000-01-14,-0.8718330554241427,-0.9999129889352879,-2.1176822268019544,1.6429013887817652
2000-01-15,-1.76228035199523,-1.05989882426461,-1.9081153747570534,1.7827062069455233
2000-01-16,-1.7093457065359798,0.24329380151914015,-1.5797339865434359,0.3022748830039865
2000-01-17,-0.664668530361384,0.8640211706908164,-3.0272864581391037,0.598915882398195
2000-01-18,-0.162533939892879,2.3136145140513227,-2.749112615288836,0.5834008511454324
2000-01-19,-0.04866476734925984,0.9295997746109343,-3.8747960328101345,2.1606546139067437
2000-01-20,-1.8810914537948453,0.2039424103719405,-3.2985474837295135,0.9578981946384768
2000-01-21,-3.674115132681102,1.5926406739057706,-3.5461858240114097,1.016930157464633
2000-01-22,-4.064037974369976,0.8087135955491493,-2.367206342700399,0.3341661759862735
2000-01-23,-4.104198980748403,0.5538710729211502,-5.156397223332354,-0.612998979474849
2000-01-24,-3.0840047688055563,0.42085753046433705,-4.647617212184299,-1.4284104379083167
2000-01-25,-2.5549828100202387,-0.4064213082867867,-4.8243586081490495,-0.4372577061514257
2000-01-26,-2.4646886199968288,-1.8184824861090623,-5.211670188938017,0.7161975068876206
2000-01-27,-3.9258182730602096,-2.452207257419166,-5.575864940436749,0.9499128383102139
2000-01-28,-4.993555911411454,-2.558012096573851,-5.0013260944356475,1.669417339253287
2000-01-29,-4.32476918324744,-1.5350327914488853,-5.351035434797165,1.3069485470142157
2000-01-30,-5.768800489826162,-2.1894239038809418,-6.340260640196397,2.2958375483288345
2000-01-31,-5.711892569721286,0.22324609692395958,-6.206139421573486,0.8626184431900619
2000-02-01,-5.490108257897161,0.05781338737286984,-7.079606771019731,0.2232565103183436
2000-02-02,-7.466869563889043,-0.3374655070639911,-6.470730470155841,0.08642769427646221
2000-02-03,-6.7025233449256705,-1.6722008344067412,-6.90713391912451,0.20016853215688316
2000-02-04,-7.112037870807459,-0.7464109213310531,-4.8949949865268945,0.9213401052873911
2000-02-05,-5.8771814202392525,-1.3509980239991,-5.431860629334996,1.092816908796988
2000-02-06,-5.536343817311818,0.05516269182474609,-5.66460682796865,1.569215367251806
2000-02-07,-8.238119855644937,1.6938478814339624,-5.043869281781536,0.953086974082548
2000-02-08,-8.880354351559381,-0.3143060569270244,-3.320547884029642,1.166555204478913
2000-02-09,-7.243808114297849,-0.081098377670418,-3.252154076519835,0.9949364447008289
2000-02-10,-8.003725638166175,0.7792195530096,-2.4709363226048366,0.15392971391828492
2000-02-11,-7.36201947007676,-0.47999182753576974,-1.109164199128121,-0.12625864504045892
2000-02-12,-7.392826595281574,-0.3798205475084843,-0.9687858716053889,-0.4012119973892365
2000-02-13,-6.485321038452585,0.19095326071072966,0.03746471679890406,-0.06754722199061247
2000-02-14,-7.373263860443674,-0.2155190312758366,1.4588849374600152,-1.6778947225823524
2000-02-15,-7.141741178833624,2.3434767110865624,1.7467984163097148,-2.169919506239721
2000-02-16,-7.195027779768308,3.947503162937086,3.234358143502111,-2.1147065033631827
2000-02-17,-8.026222921725672,4.592060726618728,3.311250304518478,-2.655576679501718
2000-02-18,-7.518720100207711,4.872685731845311,1.8372676699948511,-1.5885426187020306
2000-02-19,-9.840641159375481,5.384791982296953,2.9014986760534747,-1.4439167780017108
2000-02-20,-9.755463949527968,5.723135946243478,2.293926679437249,-2.0250429036204034
2000-02-21,-9.67952573887318,6.35796815082151,2.9891031731684223,-3.626450507597856
2000-02-22,-11.250990240278796,6.137503888156741,2.876805143072803,-3.073641448535866
2000-02-23,-9.839200607538249,8.010728179859003,2.5721523969263735,-2.167405997103156
2000-02-24,-8.678586580733302,8.427830849833533,3.001321330079598,-1.9229773556288015
2000-02-25,-7.519870550810257,7.27835529368632,1.6420308915237452,-2.4068099082155245
2000-02-26,-9.698776411578779,5.221255257613652,0.6029315028736928,-1.375591659646056
2000-02-27,-10.529701141576998,5.524946421110078,-0.29019729690023266,-2.1298093947469217
2000-02-28,-9.808071138505214,4.54356247971729,-1.5778894679636377,-1.7699545444172633
2000-02-29,-10.211095184076576,4.5579259107516075,-2.1646519451434303,0.46479306798684816
2000-03-01,-11.342153664602147,2.991197163171691,-0.6933009592607913,1.0888609089920607
2000-03-02,-11.17812362733764,2.392317412294525,0.140043875830426,1.2849532841262845
2000-03-03,-9.117173282468407,2.470612247579444,0.4646259950250533,1.0246254251270044
2000-03-04,-10.442132731579404,2.877816874113206,-1.2469670289683452,0.21425381684647327
2000-03-05,-10.734359457270601,1.954198473193626,-2.4495999589302526,-0.2049837725960592
2000-03-06,-9.581109770848391,3.4768812564270264,-1.4101925478876547,0.09296762961014415
2000-03-07,-9.056064123168087,4.184058011951771,-1.972954806778692,0.2120197190901238
2000-03-08,-9.184587052105941,4.647776216322382,-1.6261526607878691,0.15914856429114063
2000-03-09,-8.551809926014291,5.144025307323122,-1.8071432287294003,-0.044632213234195334
2000-03-10,-7.993634514959956,4.989812019396213,-3.244654574056794,-0.8836533583498406
2000-03-11,-7.014792278310139,5.543030981287494,-4.247828862654696,-0.3116358300892601
2000-03-12,-7.45126400022805,6.787400957177694,-4.188473758867321,-0.09185861590221889
2000-03-13,-6.3538901483375305,6.216112374347999,-4.857585216942165,0.19741572986651668
2000-03-14,-6.6731163075826965,6.600702361421448,-6.188713343136252,-0.41226747549034304
2000-03-15,-5.107556346778259,5.630977443181918,-5.524370271023088,-0.2715558555954285
2000-03-16,-4.734212920266036,6.235205915186629,-5.322091563808973,-1.2012946766262522
2000-03-17,-5.966344686839356,7.141653433144605,-5.4766663693359785,-0.4776327321525483
2000-03-18,-6.505940648107669,6.67971126352122,-4.948641508220655,0.8594301969718569
2000-03-19,-7.962521169269499,6.61956721902342,-5.081096478530677,0.5606162924191899
2000-03-20,-6.917228355773815,6.68174177470321,-3.2125936944316464,2.6218860739352037
2000-03-21,-7.366662310483765,7.928852507223567,-3.8013958763266062,1.9813986815283542
2000-03-22,-7.016287744245847,8.63035551519739,-4.611189972771258,1.4753176884456507
2000-03-23,-7.096101025929926,9.942861890593965,-5.055267277316432,0.8089529125493872
2000-03-24,-6.88133328319875,9.724197851143094,-3.1259731534070925,0.5335522099724197
2000-03-25,-8.109371417220224,9.413761753668727,-3.1514149426767375,0.5759862696140454
2000-03-26,-7.626397262048953,8.944538920549748,-2.2001693433357197,0.17186366194622427
2000-03-27,-7.928018183040739,10.537943619018641,-2.5110838084702753,1.3944367235012858
2000-03-28,-8.162712856370792,10.471389036072765,-3.7944002800740213,3.2984031744636235
2000-03-29,-8.743305714279092,10.068269208059098,-2.3523577020347344,1.4704321285443862
2000-03-30,-8.806614972657208,8.962334909185685,-1.3418707498586424,1.7269335695506656
2000-03-31,-9.812611450054469,8.445914784802548,-0.49990407172397866,1.141775802401673
2000-04-01,-9.474296992553954,8.843095431115595,-0.12331498596235618,1.1020645447100255
2000-04-02,-10.080473120420875,8.524001102021026,-1.6413657107988273,-0.3078819316799539
2000-04-03,-8.883252341355378,7.409401194393084,-1.594177142400848,-1.307663117167091
2000-04-04,-11.592819859262725,8.44831077990964,-2.7981274585704936,-1.2259327496459904
2000-04-05,-11.275920236713011,7.2302939261112895,-3.605655455130453,-2.119071519922586
2000-04-06,-10.965141655932154,7.257952435159557,-2.805115260686817,-2.1990958450460285
2000-04-07,-11.057452221402496,7.756325601084567,-3.861283008213295,-0.7708163227548341
2000-04-08,-11.423620755525333,9.289091422010966,-2.7777740775583686,0.9009435556676255
2000-04-09,-10.945874954339804,9.280770711544697,-1.0105273597623563,-0.5573194820722698
2000-04-10,-11.260763777349913,9.286468636680215,-1.2138071576392415,-1.4794600432051777
2000-04-11,-9.450213374830206,8.828220319614136,0.004982157320132519,-0.02412990825241601
2000-04-12,-9.7532998558485,8.939050879456103,0.16441524593930584,1.659982047162751
2000-04-13,-9.445726162726844,8.782575809662172,-1.0934168085325868,2.969345886734671
2000-04-14,-8.931693929099215,9.450936072558493,-0.8345153445540128,2.7721980143897857
2000-04-15,-9.46003134546871,9.21672136231722,0.29680994072999156,1.5011102984665612
2000-04-16,-9.965699192894911,7.652489878923193,-1.0354411493226352,1.6910479910638343
2000-04-17,-8.39578529706651,7.553894550584094,-0.4543640254087482,1.1147039788619288
2000-04-18,-8.434981774095633,9.335477912264377,-0.31326860162313974,2.133862598947365
2000-04-19,-8.144351700331994,9.797668339269995,1.1394959609530906,2.773792465112464
2000-04-20,-7.033051619319842,10.90999923847114,1.962088512702943,3.3839399941969055
2000-04-21,-5.644208412824323,10.708644710103941,1.5946303986740222,3.995490992318694
2000-04-22,-4.541729843833899,9.90656852924267,2.1167038417321136,3.0043972085881743
2000-04-23,-2.716099442593951,8.796309136556879,2.7771401463657392,3.6088096434553325
2000-04-24,-3.2585152057171345,8.252827662008366,3.0809502514283533,5.586098094169514
2000-04-25,-4.3163152366547815,8.651775109457283,2.9450105110510605,6.226930067910583
2000-04-26,-3.7657696606188624,9.345666372814971,3.291257705333391,6.421587830390191
2000-04-27,-3.9473915290793773,11.068910807239707,4.11729291096355,5.861148868907613
2000-04-28,-2.614439544766355,10.831223239307171,4.039220901792367,6.686869169558112
2000-04-29,-1.7861071311837033,10.104562016848766,4.6488645003697275,5.019914221885261
2000-04-30,-0.8970011568140388,10.829969336284634,3.010315232367694,8.147728926707266
2000-05-01,-1.3102418480581424,11.619896192065772,4.657199744193765,9.093672005087642
2000-05-02,-2.0482242147494727,12.167803024731228,5.0525698923429525,10.040787487844554
2000-05-03,-3.469572108025866,11.449155959912215,4.0219709635453915,10.233419859904835
2000-05-04,-4.056690121374034,10.865030578256624,3.674876372230604,10.211515645402319
2000-05-05,-4.256542618136531,13.043182194319431,3.708501558235683,10.232240236677645
2000-05-06,-5.14779796633446,12.632474017849418,4.0099718337111305,8.855174936654004
2000-05-07,-3.9699549938935537,12.859148118634568,2.8369387446822865,9.249836765828224
2000-05-08,-4.50440916115863,13.036668598806347,2.513066677916502,9.32307213792422
2000-05-09,-4.7109155019104625,12.158822054706834,4.6349849888623,9.954247262079114
2000-05-10,-3.672023528671396,11.965123320255811,3.8570846705805546,9.895786979211671
2000-05-11,-3.688568386044869,11.726969309141634,4.069485614197503,10.222194344539869
2000-05-12,-2.54956424427197,10.256422973682419,3.2402010638830805,10.12973043639999
2000-05-13,-4.0543805301258455,8.496349540927476,2.420645700184813,9.566309879961931
2000-05-14,-2.6869182941360545,9.175913411015154,3.021791152347583,10.418944598109922
2000-05-15,-2.344398092229114,9.691587632401433,3.0326065519082794,10.59502746354302
2000-05-16,-2.9026615880448197,9.3700161284847,3.4095581476297845,10.119702539899787
2000-05-17,-5.6967429080089484,10.353851569922854,3.5626494884488618,8.878398940463555
2000-05-18,-5.2803360426866535,9.276262033428413,1.661541773501581,9.595888861305946
2000-05-19,-5.368520659098721,10.442383783220189,1.151783295797567,10.3155509045812
2000-05-20,-6.244335111481318,10.952775197763227,1.6837853167790908,8.881001377997684
2000-05-21,-6.966400628154393,12.70762460239156,3.4030909208457905,9.120852013149475
2000-05-22,-5.079268781557887,12.243304252961227,3.533594371322153,10.394388743214089
2000-05-23,-4.822560484526136,15.971234480039223,3.689246396755634,10.672450165186477
2000-05-24,-4.764791872128177,16.12574751106398,2.782632086148889,10.723237912756446
2000-05-25,-4.1865100175990495,17.020150453028528,2.0507553279919146,8.349997676061863
2000-05-26,-4.767496504519637,15.492166726174826,0.8670274565131706,7.696121519943494
2000-05-27,-4.915202839935107,15.956061259880418,0.6353429394379594,6.9986303916728945
2000-05-28,-4.735608914986052,16.747718403466866,0.16542760927992123,6.682912424802494
2000-05-29,-3.8324422147281996,16.58586365700428,-0.005193250104764596,5.10270741272893
2000-05-30,-5.274213792012981,15.738274352224318,0.6907609261208797,5.13885714527862
2000-05-31,-4.699380049321261,15.821409679638444,1.1870269745601028,6.8441219110543345
2000-06-01,-4.420337136809822,15.99542344213778,1.1733508327511615,7.016892425028402
2000-06-02,-3.5125723711926105,16.965194821947673,0.39367220176164497,7.899079815464864
2000-06-03,-2.8431336843345996,18.65089418621516,2.744810272527828,8.710273819205828
2000-06-04,-2.4803435426343414,17.849969419584053,2.0768640718256624,10.254877054446103
2000-06-05,-1.600854628520919,17.990007226234074,2.422250393041934,10.766478413581689
2000-06-06,-1.8980274653137081,16.772831945007166,1.9813981529329259,10.246384519678173
2000-06-07,-2.45851158873631,17.963948940346036,2.889284961685145,11.754214526724592
2000-06-08,-2.507959843545529,17.517019332256474,2.928273112944813,10.32892741917502
2000-06-09,-2.0773175171670664,17.142705888679448,2.756492518447262,10.024721945537921
2000-06-10,-3.2772826770782633,15.442180881813087,1.548678161736196,9.225027987551304
2000-06-11,-4.68175241272006,15.033085296169629,2.138997110885541,9.291118595930254
2000-06-12,-3.9773876894065263,15.275679311815157,2.071016436930066,7.621790654366034
2000-06-13,-4.039616066104863,15.031567171899448,1.532714687368527,7.166009990710934
2000-06-14,-3.9168332323492465,16.964679941195687,0.8010039202757547,7.575589030253884
2000-06-15,-4.896362970661239,16.436700428324666,1.1137149696960007,6.619320275328222
2000-06-16,-4.324174154723526,18.97315673645154,0.32692326693321594,5.466445092845378
2000-06-17,-4.301878990912186,18.14380981252198,0.3843310772844832,6.16570769467592
2000-06-18,-3.961610099307083,17.880863945596865,0.3230996383073186,6.22018392165144
2000-06-19,-3.5867682514543797,18.429038817665255,-1.825649087500929,5.146708686986306
2000-06-20,-4.051062628283754,19.18843215850616,-1.4789446798328827,5.855414559982991
2000-06-21,-4.026372992682579,17.5955070443587,-2.093845403355482,5.185301338650447
2000-06-22,-3.8583658186678123,18.109739946312146,-0.8722170723691376,4.416057500871988
2000-06-23,-4.4122411298681685,17.302938391565988,-0.5300047323611585,5.011097444140949
2000-06-24,-5.310938787012376,18.77982617236696,0.09462514593273885,3.531725541067197
2000-06-25,-5.609462510231105,16.98896913971163,0.2788171499856963,3.198663393294285
2000-06-26,-5.939639060878157,16.82097274239322,-1.39984595794798,4.114865436719826
2000-06-27,-7.32982595178761,18.884124781678366,-1.9591080306867685,4.081129798567848
2000-06-28,-7.409952978209739,20.2491797046497,-2.990126509063736,5.641528726411877
2000-06-29,-6.820542196220449,19.139326806555026,-1.8431187324057035,5.240771135768018
2000-06-30,-6.69908823672197,19.378500075298824,-2.147814373925183,5.776052060329375
2000-07-01,-6.138697897499224,19.54443867857637,-3.439826235553104,7.952989432498981
2000-07-02,-5.2912080582465535,19.137961172834768,-2.185081503291295,5.8425467494648675
2000-07-03,-7.34587649547789,19.09641248432134,0.5920448401920346,5.212045130712166
2000-07-04,-8.256123879474549,19.523829882570737,-0.10968399705863008,3.778424115433875
2000-07-05,-7.972883434678289,19.714001789523916,-0.7422289878391054,3.277317700456931
2000-07-06,-6.292149540229085,19.40073467023429,-0.8411043428678073,3.410357757642749
2000-07-07,-7.288576926548913,20.633395893385497,-0.7943282279494466,2.3550297741005544
2000-07-08,-8.040320352119393,19.867955344059457,-0.5570478309661067,2.140272827531165
2000-07-09,-7.639154031640043,19.457629742706654,-1.6984669739604183,1.6860864924685854
2000-07-10,-7.8686576196451705,19.707736921521995,-1.0420665998811312,1.8824954847504345
2000-07-11,-6.832495013005896,21.687301373510238,-1.2731131093405301,2.3163084297371777
2000-07-12,-5.956329985189765,20.85530085845766,-0.5495786795747498,3.648957580119213
2000-07-13,-4.947294887358018,21.24831329874856,0.3473395870913468,3.8541908539702705
2000-07-14,-4.987491136239723,23.458950039909194,1.3668474982093017,4.611812678484966
2000-07-15,-5.280551234007553,24.24393141642378,1.473560496988602,3.7281396713180595
2000-07-16,-5.3754324503282085,22.726433508024968,0.6714344900828656,4.926961750750326
2000-07-17,-5.866592916741011,23.438163434566345,1.3334795028664748,5.6229740981850105
2000-07-18,-5.936298151492302,21.54292873562097,1.4790161273126188,6.865227907424518
2000-07-19,-6.316488768411184,21.90304756297732,-0.5957760721130625,7.092806053644302
2000-07-20,-5.5826464181712945,21.470298265830085,-0.1929470319485515,8.515658475298178
2000-07-21,-6.191196843825001,21.40976463921462,-1.0555649747664984,8.914111485906714
2000-07-22,-7.103302100699485,22.911295566828844,0.46406121445001647,6.906508688038882
2000-07-23,-6.15254056763235,22.44711700074742,0.9280497437402693,7.600958650410307
2000-07-24,-4.408946177745567,22.20070946884047,2.238778157398513,6.202202296167681
2000-07-25,-6.297528092975223,22.70663915666898,3.4949355997203257,5.322513418838306
2000-07-26,-6.8844523475564925,22.640172073303994,4.078244097079011,4.696497034635813
2000-07-27,-5.3350928088164205,21.432021588524687,5.1335758780662575,5.236135290518492
2000-07-28,-2.2467584059096914,19.964867453960114,6.336330661364085,5.820664898755398
2000-07-29,-1.9205739350512574,18.101082653576725,7.161598108702432,4.668275651449611
2000-07-30,-1.7860747598582856,17.305701143942393,5.4604609142468234,5.56325421216411
2000-07-31,0.4736839125126424,17.374801073539466,6.807761572963734,4.375651122074734
2000-08-01,0.8131629196654395,17.794999378746095,6.095954871589217,4.425335809285882
2000-08-02,1.0619882405275545,18.82339176743845,6.307590142505582,4.974553728335818
2000-08-03,0.22093101538841653,19.188176114856592,5.936538007946542,4.108685428538383
2000-08-04,-0.241625345555729,19.07785341501325,7.110115428665355,3.571251830495597
2000-08-05,-0.5345488819064101,18.33372205767153,9.328964655786198,3.9494627160278357
2000-08-06,-0.12047279486362739,17.344373900845163,10.997286514547792,3.7458799132461316
2000-08-07,0.46007694016619805,17.29631150198974,11.399511220118896,5.0177669754796685
2000-08-08,1.103385857488656,15.974298932974879,9.960758512257836,4.997680112258239
2000-08-09,-0.019605490742597986,15.13197709363629,9.85676657465723,4.24782232470035
2000-08-10,1.3119317333068188,16.04880847849259,9.413554232014327,4.942087670867421
2000-08-11,2.1647681458372925,15.089206448703969,7.58939594304315,4.789498396011417
2000-08-12,3.087566987263785,14.466216247054785,9.11954464867362,6.144026645228848
2000-08-13,4.577574924166219,13.768478950877245,8.3742082613841,5.536915419891478
2000-08-14,6.09781544524078,12.707536376421539,11.27256321874587,4.981785335634006
2000-08-15,6.365403679718918,10.122135750223709,12.924934814540817,4.607707845191438
2000-08-16,6.635055338206059,10.844207316776503,13.028938931602674,4.020132700297483
2000-08-17,6.771333560026169,10.567494577288844,13.8071187015958,2.8018708253366587
2000-08-18,5.76489703168597,10.822154746956107,12.33664068865855,2.988715439382796
2000-08-19,5.62839701660557,9.408458812529062,13.01765357342616,3.699443888632076
2000-08-20,6.995008799448028,11.57183290070467,15.269137994143716,1.8966506698901482
2000-08-21,5.821093675240112,11.639390013821794,14.780301379084742,0.986078867772598
2000-08-22,6.008541060552533,11.870096660749493,14.553738859326288,1.8340125251373427
2000-08-23,5.064189679198044,11.786474509256744,13.242004115306933,1.2617164798980345
2000-08-24,4.008416622915685,10.106427082856381,13.500482681847327,1.1984192366879902
2000-08-25,4.315188641679439,9.598923519477587,15.710268553885996,1.5026815049202886
2000-08-26,3.6116869430774226,8.498231148171095,15.702129216807982,-1.174732544932187
2000-08-27,5.758094056737999,9.630846438936478,16.41256483896926,-0.0038602939433312056
2000-08-28,5.437599001135965,9.113076229356473,13.322023654451245,-0.3193644066933945
2000-08-29,4.937400665321394,8.021290776194315,15.021752251906273,-2.448165409355476
2000-08-30,6.400611894895276,6.866647649498972,14.967432584504985,-2.663616262586994
2000-08-31,5.789381427557284,9.22314162164734,14.82348725706316,-1.500483251321192
2000-09-01,4.8859847800744785,6.656520890196097,16.459877579185054,-1.9805654021286019
2000-09-02,5.37540281046492,7.403484020640435,17.13234622914812,-2.2190723567657242
2000-09-03,3.8792509233954613,7.295328700784913,17.86780793541348,-2.5030399535262853
2000-09-04,5.509594046960389,10.018785940201866,17.232780840842434,-4.222772493384549
2000-09-05,4.257214988538111,10.640614581395564,15.483555197928988,-4.088491791326271
2000-09-06,4.619527449179838,9.513577991236481,13.838262609269695,-5.104669200758572
2000-09-07,3.0018380771754174,8.554981321586036,13.238752263146297,-6.708297152124828
2000-09-08,3.094081904540798,7.2618731304029,13.75532061672562,-7.085311744603903
2000-09-09,3.3317916303117,7.047116930901519,15.14112121905018,-7.211631951087118
2000-09-10,2.8517790961831992,7.596038065733976,15.822170494581501,-7.05528518492679
2000-09-11,2.800544393978322,6.010977153665933,15.194266332474163,-7.3026011424884345
2000-09-12,2.8010214169824286,4.745776657128001,16.547773883590146,-8.410781706878996
2000-09-13,2.7021106807325532,5.9546817908833605,16.12548795746276,-8.205743545062331
2000-09-14,2.2589087325327633,5.750043851073431,16.817035844972636,-7.549054844546464
2000-09-15,2.503795394881198,5.77632726302637,15.766446627837812,-7.152160210787948
2000-09-16,0.8290211371237353,5.862560681170387,16.1050441763709,-6.316767478716421
2000-09-17,0.5037798955935063,4.796314608372565,16.75976876399767,-4.363761737890978
2000-09-18,2.41652743118232,5.097541665900176,17.83642886339523,-4.22182268900808
2000-09-19,2.034127634310909,3.4114250690034456,18.73360209495915,-3.610591214956247
2000-09-20,0.8577903874328652,4.175009061914206,19.00344146196025,-4.52571260713364
2000-09-21,2.30420030027957,5.936945384113204,19.861570130582848,-4.334352161954601
2000-09-22,3.506193491820099,3.797736163991542,19.24179514787228,-3.4793579235104666
2000-09-23,3.1473233863472663,2.8818528820213,19.22451499001619,-4.152615735140373
2000-09-24,2.0105412735361035,4.359322373991974,18.634710767182177,-3.255935690925989
2000-09-25,0.19311250324023232,4.793419267741046,18.052690879862187,-1.6250065734481767
2000-09-26,0.5960869285228709,5.201699319183536,16.170007183508062,-2.5200629431661152
2000-09-27,0.2951434877949374,5.291769776180176,15.53124667123924,-1.8944933683203156
2000-09-28,0.22518341987882995,5.060250278919903,16.401047551276356,-3.5623416420400433
2000-09-29,0.5745749001253226,5.8956119395712765,15.548449890666717,-3.5254696282216367
2000-09-30,-0.42009719074253893,5.740176490811193,16.42436813079989,-3.946868813544072
2000-10-01,0.13518058701455327,6.133864827963399,17.30893645125517,-2.899257605474284
2000-10-02,2.492561853076025,5.295880638728201,16.50967956162768,-4.779967435808349
2000-10-03,2.089834998232315,3.750214698966254,16.77896450095805,-4.962350724349361
2000-10-04,1.9672169022294008,3.6585445226610203,16.093270252344706,-5.426462896312164
2000-10-05,3.2401371577538525,2.9392635650299583,17.06820093794405,-6.2981083809412
2000-10-06,4.034256515774955,2.276563236273781,16.17255052052789,-7.442963731273913
2000-10-07,4.041144846447212,2.749754701873859,16.84331115521731,-9.406778448461615
2000-10-08,1.8334461331982572,1.9504124479100673,18.224670476316508,-11.245482210163637
2000-10-09,2.447000701908731,3.1797966627679664,19.287885812402145,-11.009233346722652
2000-10-10,2.798149510162036,2.6574446493403983,17.63155558032095,-11.04041255397528
2000-10-11,2.213126894112825,3.229241564633677,17.168516669664797,-9.02446553396468
2000-10-12,3.4457813565630744,5.160263120570345,18.249125979070573,-9.260251353728988
2000-10-13,2.659043137742219,4.984627747717473,17.63123439210762,-9.254839064572778
2000-10-14,3.9419675655461024,4.171359873748274,17.693828232751404,-9.393233987149959
2000-10-15,3.600474438196748,3.317717129841625,17.168562188107725,-9.976526989727025
2000-10-16,2.784013160472077,2.779071621348774,17.50971432719706,-10.107484776172168
2000-10-17,2.3582823501936185,2.9505012771093386,17.295118758350867,-10.955013874679821
2000-10-18,2.0039597671816116,4.133708578823632,17.65602176552422,-11.422401432941413
2000-10-19,2.632074359537066,3.447484366869122,19.06809835402013,-10.559781759156118
2000-10-20,2.824210168949152,3.6104000910293643,19.360051652595057,-11.117099140620592
2000-10-21,2.3033248392003145,3.4582323056944615,19.52393403207427,-9.008989389039293
2000-10-22,1.3028041418212852,2.1457768502393018,20.411183991624544,-8.521870501572929
2000-10-23,2.0009432470318615,1.393397625378264,19.90221244905737,-7.924678646632829
2000-10-24,2.24300010108294,0.5976485391625088,20.49100831625554,-7.052856605168823
2000-10-25,2.5820177505813677,0.7380884242861132,21.809035788216505,-5.593118606624369
2000-10-26,2.430721726299654,0.38802487060435537,21.559637456338685,-5.70746285167217
2000-10-27,2.60351748452653,-0.9074632941943179,20.86383722779124,-5.312346437690104
2000-10-28,3.2717137932344067,0.851291804185289,20.974745496679578,-6.9593187246019
2000-10-29,4.428327413098227,2.8932518956496907,20.039230556292264,-7.262714860527065
2000-10-30,6.675702809142657,1.7164881119478304,20.39007282630701,-6.167048298222918
2000-10-31,7.785760634378528,2.6583742376749884,20.291641115049014,-6.791050974635596
2000-11-01,8.881504839822426,3.3898051178608095,22.16840969511834,-6.208868843141221
2000-11-02,9.531654690819868,2.111742640338371,23.58512177078426,-5.633009159019207
2000-11-03,9.948910364587443,2.662549322170892,23.39492265504186,-5.026220613430581
2000-11-04,10.372780981375136,3.5090435841440053,25.425805775758093,-6.3179137534254775
2000-11-05,10.82331438061097,5.670637168580843,25.215316965559893,-5.248929102149328
2000-11-06,10.354257143413342,7.27845682725345,23.885407990732777,-4.1519425247782955
2000-11-07,8.889203144915,6.380872396517878,22.68526286486065,-2.3330650240556206
2000-11-08,9.439254415531616,6.802668825261376,20.86242864665966,-1.4725358206064398
2000-11-09,7.041765844828059,5.066634259272304,21.29832419390288,-1.5243024460738956
2000-11-10,5.288962013899193,3.99772132557693,19.955587144016775,-1.7297158675303264
2000-11-11,5.531693283908379,2.6444823002659534,17.219937295408137,-1.8168403372237605
2000-11-12,7.352548860659525,1.9986925887068678,17.143222019370352,-1.2659284664013608
2000-11-13,7.105104729911627,1.0452188562221556,16.709130080158566,-1.646287139470828
2000-11-14,6.9177361362760665,0.8327779505851742,16.84302310720686,-1.0186630894351976
2000-11-15,7.636800971295703,0.6391907456286718,16.834734304834285,-1.8774952437431605
2000-11-16,6.6350737110223,1.5764469181907048,17.55780822253127,-2.1758342162327287
2000-11-17,7.531073171763735,2.07528734488203,18.613087778818638,-2.334551178025653
2000-11-18,6.58991645434743,1.4919729602551273,18.12414052935518,-2.394601928724434
2000-11-19,8.197883768442228,1.4273547715925787,17.232210753635822,-2.2500942854838404
2000-11-20,9.061594803485155,2.396674301652947,16.096608557847475,-2.301334702154332
2000-11-21,8.804074848353867,2.821484969526434,14.629494377823619,-2.286228640723891
2000-11-22,9.246174374383477,2.4129306552122727,13.209238188435611,-2.245305643014742
2000-11-23,7.626262205147025,2.150317004665448,13.05554864989157,-2.858222461435764
2000-11-24,7.602505288085154,2.1885804331272425,14.210545390032745,-3.179717502261682
2000-11-25,7.194588692604637,2.9274374971652195,12.723807072546574,-2.988211813085149
2000-11-26,7.019080757989212,2.845847694403758,14.284398610446825,-3.709781580967885
2000-11-27,5.723251019007893,1.6163022585887803,15.224965109530787,-4.119842573542908
2000-11-28,7.522620239621986,1.360706542135072,14.605997351258466,-4.53983333599378
2000-11-29,6.1278711507836965,2.8890535477231065,15.074879955011218,-4.042222153569775
2000-11-30,6.231141732262988,2.6392127194107844,14.57648876734438,-3.930482033828617
2000-12-01,7.0027802031953,2.29401170415035,13.185238731789768,-5.562356378981297
2000-12-02,7.0138533392316,1.4524290496646044,16.014329932281093,-6.56313934186835
2000-12-03,8.485394683936448,1.194353713304618,16.701861582829608,-5.549517160634233
2000-12-04,7.1929852951698585,1.6150563814210912,16.70312175769108,-4.171511615126232
2000-12-05,7.9164403427752115,3.1834076116947823,18.57152419483127,-3.3937866489958175
2000-12-06,8.742947199894086,2.8339677902906755,19.034022081726615,-2.7821495540592487
2000-12-07,8.984609181797197,1.3174458962042779,19.521109694959183,-2.689600290775018
2000-12-08,10.988828935197425,0.9420437093528149,20.09084458086331,-3.027185592985722
2000-12-09,11.304361864882287,1.294997885100884,18.906234281638906,-2.7269592787653005
2000-12-10,9.54943627702644,-0.9017712438804555,18.764583934214436,-3.4767801951377173
2000-12-11,9.052762116006912,-1.049553996853767,17.08884470142337,-3.326773358212563
2000-12-12,8.588230499138891,-0.881745451632503,17.279823131244772,-3.3630324453685647
2000-12-13,9.593252632571684,0.07230444499144684,19.015579474902587,-2.6937371015111706
2000-12-14,12.390807446168008,0.009955555192963962,16.585506543788746,-3.17411077371933
2000-12-15,10.738344650968036,-0.6218822250842604,15.966492457741323,-2.7756558785496557
2000-12-16,12.015165710025318,0.014046464595015573,16.462634485403566,-2.2462613359714685
2000-12-17,9.724869557551989,0.9036059654706207,17.005009004296586,-3.0164182741796353
2000-12-18,10.443339341092129,1.9429032877679728,16.823456700774788,-1.349774031057941
2000-12-19,10.663730382440363,0.8018500186689308,15.220234061756718,-0.9103692250048967
2000-12-20,10.79211518974062,1.8724381683066353,15.487279651321352,-1.797808781305071
2000-12-21,11.496919072365325,2.179254412415295,16.616020408163777,-1.1809361709046189
2000-12-22,11.954408186264967,1.4243452800561083,16.64613669075372,-0.8317439869730006
2000-12-23,12.350309303443696,-0.18011610728137173,15.993831634806085,1.1349336716469725
2000-12-24,12.435916995080659,0.8605530164738617,17.674047328445674,1.5616543385509263
2000-12-25,11.692606679959104,0.37338807230125937,17.247156863082484,4.594830491941378
2000-12-26,10.830397183358821,-1.5883314919714673,17.251828317659307,4.714629081043373
2000-12-27,10.664938311679466,1.0651885017907876,19.038543633595868,5.715981145762696
2000-12-28,11.597091940270182,1.8159758102465813,20.34340166736356,5.354129641657463
2000-12-29,10.862324800841131,2.1448017250799007,19.57251247156881,5.537628025834592
2000-12-30,10.142428729191618,3.0087288432437482,20.038337001183223,6.179713072734897
2000-12-31,9.135737368987213,3.0947691058787523,20.864131852730708,7.120486442173001
2001-01-01,10.648710007836181,4.038195533579807,21.00944929084688,7.8726555151655555
2001-01-02,9.67128176148767,2.6227457391759885,21.17242175829025,8.439403813895757
2001-01-03,10.158194258450994,2.24695938998759,19.5454773478307,9.395817462227738
2001-01-04,9.459453496957662,3.316902489463634,21.070842287712956,8.152869675234468
2001-01-05,9.069348935089224,3.7874047169599647,21.685321577091333,8.124136701774018
2001-01-06,10.697268917869764,3.476206868770182,23.409294724851826,6.926438170750505
2001-01-07,10.960322858751418,3.698484137073771,24.527220441780436,7.95314480123784
2001-01-08,11.065260391031272,3.490313521335177,23.217974036062298,8.229658459405847
2001-01-09,10.705997394736205,3.2272829074497063,24.123052387067005,9.173604259371155
2001-01-10,9.738271537070023,3.3799165481825746,23.74285883516938,10.181025037459904
2001-01-11,10.672977502340103,3.5908113985551062,23.38242065496415,9.551169756543
2001-01-12,11.2107048060428,3.1277998465843013,24.204912090392323,10.80910116525887
2001-01-13,11.31430392178073,3.139223217503259,22.55515362514991,11.522100166053015
2001-01-14,12.027694659065315,5.035175191216581,22.289918320459723,10.448169676376999
2001-01-15,12.773333672272589,4.6737516094935945,21.539990197686183,11.4691665481008
2001-01-16,13.638041980961603,6.205641450119295,20.857220790427338,9.913079429033077
2001-01-17,14.193949809603598,5.2993001969266125,20.64728105361703,10.134769568610185
2001-01-18,14.324837513239936,4.539297534361343,21.872391439659953,10.233590579885364
2001-01-19,15.239309223495875,3.7773362462075037,21.653788932265385,9.493242655874724
2001-01-20,15.949217004525265,2.9551391926014796,21.865849576539013,8.708655294362861
2001-01-21,15.866962480386096,3.8666048703820515,24.15716040211248,9.867289232429494
2001-01-22,16.07262030566338,4.472187746013573,23.360457811796728,11.81800657285767
2001-01-23,16.31542737986334,3.915072819954325,22.615163885754566,13.362412100256128
2001-01-24,17.06570845655165,2.6512323299593215,22.16843193804059,13.260204299977131
2001-01-25,19.06783118284326,3.069805106883133,23.90890534708238,11.415849124192123
2001-01-26,18.986988818646786,3.8941119739341783,25.72222738859264,9.716527382394009
2001-01-27,18.53694400862631,5.908787348177233,25.6028483550013,9.269930272906759
2001-01-28,19.966127595000547,6.890721055534403,24.579782890727547,9.031397135373243
2001-01-29,19.10748802250326,6.401513577469113,24.904733422237737,8.473137473591684
2001-01-30,19.527162905297008,5.831492936257579,23.108099298565,7.158014681113098
2001-01-31,20.86141844587521,4.992520548941807,25.484022114647505,5.341413838009565
2001-02-01,20.723582592598166,4.705924894655512,24.716386332852956,5.419563726904955
2001-02-02,19.314581229846834,3.0776446316602772,23.065700469907004,4.733388900870178
2001-02-03,18.801209270221634,2.2617526659367586,22.83357900442032,5.344719654498127
2001-02-04,17.134272519246423,3.7156735602821227,23.215344773491687,4.481511946298712
2001-02-05,17.94022069921233,4.761462532914522,22.456060918676584,6.405039732704737
2001-02-06,16.706459897801416,4.086329851813914,21.37351673786028,6.705013366988533
2001-02-07,16.777135504660638,5.515383373819068,21.828004907512497,5.723204697176034
2001-02-08,16.003013274700212,4.499620258860406,20.15415709839185,4.718939510948165
2001-02-09,17.674762568759185,3.7870740718235396,18.87460352017018,3.110555078776087
2001-02-10,18.48311658609756,4.131817467125813,17.344415951085672,5.567989986348266
2001-02-11,19.188107793745303,3.2971735064082415,19.039917318489998,5.0214572280934515
2001-02-12,18.31081214363937,2.0883221817440187,18.795124657096515,5.554456965467098
2001-02-13,19.34871708662892,1.749754854489309,18.940963524763088,4.389201701806578
2001-02-14,18.69372652044989,1.0683975227678704,16.75770365404493,4.130121730608566
2001-02-15,19.488698056385118,1.2853845582981045,18.596840795068893,4.609083780035636
2001-02-16,19.471333425776773,1.0792066922283472,17.98533169824928,3.821795914486527
2001-02-17,20.93368687262447,1.533597282318098,18.31015907421648,4.161973797935884
2001-02-18,20.50837466668192,0.5074093713492211,19.356248257346916,3.7070816920624745
2001-02-19,20.476825461209806,-0.1073622578173049,17.6604668421653,4.707479967332585
2001-02-20,21.15319833564729,-0.5492543964189338,16.77079026752909,2.7263476288956436
2001-02-21,20.43729476549785,-2.3579480538621684,18.54353054665426,3.8978259034120573
2001-02-22,20.152405452850456,-3.181013437477967,16.998471144275562,5.1417533743113815
2001-02-23,22.26549170145186,-3.1788178863404015,15.526790630608305,6.690306210527933
2001-02-24,22.8480097161054,-3.0318706972096248,15.345705216860761,4.427365885196269
2001-02-25,21.833899521033345,-2.5695485151371287,14.972863474928921,4.678324123230515
2001-02-26,21.70468435812851,-0.02842810831816589,13.114057428474226,4.187087117970775
2001-02-27,21.023926428554116,-0.22335665902060448,14.163779708116678,5.093870382510808
2001-02-28,22.398092545835855,0.9818260373670553,14.852400566661766,3.568426409372264
2001-03-01,21.81329103565005,1.2318054356781276,15.365820037754569,2.5312680452629333
2001-03-02,20.543528783508126,1.0737151991043563,15.96405071249723,1.840653873024849
2001-03-03,20.793227942675585,0.02852198150822738,15.566516736312714,2.193690211388107
2001-03-04,21.394929532617237,-1.800787660974533,15.155124170597624,2.516253324866158
2001-03-05,21.608002012982368,-0.2771528774867875,16.461483792376566,2.02234224132925
2001-03-06,21.737302381070013,-1.0117820118715908,16.17125675737994,2.3424313878248606
2001-03-07,21.80984104689867,-0.4577436326270429,17.0867871662248,2.6832594130363274
2001-03-08,22.04399494821954,-1.5332899284360697,16.10796735615841,1.5144631473587893
2001-03-09,21.06395970393591,-2.198070636064493,16.98601979993926,1.551693707642727
2001-03-10,18.979126271910012,-2.3444758428015486,17.226297027104813,0.7163250122831423
2001-03-11,19.808879645353187,-3.8974640880937557,17.755394627895225,1.1476787564796935
2001-03-12,20.679228715867772,-3.426959135827837,17.383993458491396,2.2615440478248767
2001-03-13,20.51446021811943,-4.2061390061387804,16.58262717736571,1.8295401125395852
2001-03-14,19.585675572827846,-5.018035256923293,17.369023215820246,0.33621559095415887
2001-03-15,21.264830870730496,-4.687112486998563,17.024396598011215,-0.7807388689416643
2001-03-16,21.578491993538034,-5.153290000714606,18.247536202591675,-1.9423531345753202
2001-03-17,22.241959484295833,-5.890887430574938,17.20548430529415,-2.078887495638761
2001-03-18,22.648221634992666,-6.487864819609427,16.151111379297262,-3.6410777183134617
2001-03-19,22.04955143635657,-5.982398632286532,16.17814294771198,-3.778149159436193
2001-03-20,21.38370535866307,-6.598872546266555,13.747607040471463,-4.134689957084876
2001-03-21,22.89290865721176,-7.888358549355629,13.413720456818472,-5.691286693391504
2001-03-22,23.25587025002184,-9.12338919393433,13.101326469157788,-6.321317079146558
2001-03-23,24.05117582321305,-10.171720530370907,11.600196680228096,-7.1171894152886255
2001-03-24,23.62016915093162,-11.83235841362611,12.362306474865003,-7.638925600350348
2001-03-25,25.170386908898593,-13.70544860642683,11.201459342302924,-9.504492351392125
2001-03-26,25.84458965654234,-12.248045882081618,11.233708904164063,-8.396745468442722
2001-03-27,25.050367171355433,-13.422110421711032,8.945580217017156,-9.171425082018105
2001-03-28,25.274396596171496,-12.614681592459783,9.414840063531667,-7.4717044200444676
2001-03-29,23.40299465577895,-11.536894756916599,11.732791822647442,-6.78337447849476
2001-03-30,23.560111901510496,-11.56091684781406,11.716707486572796,-6.3346626570904006
2001-03-31,23.58077310434999,-11.074813937251275,12.147708403247275,-6.713026094643516
2001-04-01,23.940868744818506,-12.581036189723793,13.710267936318061,-7.2372132503618465
2001-04-02,24.115303285067522,-13.549403461022534,15.37773351896151,-8.353129081536148
2001-04-03,23.610495378647794,-13.96726627735042,14.45748057722106,-8.225078088726205
2001-04-04,24.55880389175807,-16.756790971651483,16.035606311617844,-7.565934516677745
2001-04-05,24.11418924341079,-17.780322705902993,15.454581631790548,-7.366453668452018
2001-04-06,22.585465037531755,-18.016427709355764,14.987562823075999,-6.381851161284913
2001-04-07,23.567792781143076,-19.79907884636495,15.483023218358493,-8.543023598900064
2001-04-08,23.878065115080435,-18.470510890929546,16.29396618668575,-7.631975556114954
2001-04-09,23.882009818796693,-17.992362213174747,16.410655792970545,-7.430349738187541
2001-04-10,25.122427050394062,-16.018026771819237,15.817268127554177,-7.667390056291196
2001-04-11,23.761722392880372,-16.21222720978048,16.3197549789847,-5.9269329717658294
2001-04-12,25.438466150505715,-15.765761913103722,15.81926666467437,-5.728075665937643
2001-04-13,25.59138211210933,-16.25000214670504,14.604039801004975,-5.372331266048484
2001-04-14,24.36824093800653,-16.134249488367523,13.869185541804779,-5.053061174398674
2001-04-15,27.22310580836491,-15.865176045116325,13.471991652621469,-6.331994291857187
2001-04-16,26.09817818358051,-17.539930758695526,13.7465776085572,-8.02933212043412
2001-04-17,25.473368040648698,-18.325516870409206,14.1373972290367,-7.177441969960901
2001-04-18,26.479091414840767,-17.93876565611227,14.803952926079889,-5.971388251199787
2001-04-19,27.456521982734348,-19.08702851701575,15.216053474049076,-5.671119154857558
2001-04-20,29.320351276541533,-17.31279634781375,15.44751952207179,-7.469941190899513
2001-04-21,29.811648935005493,-16.32422175287796,16.680284049005863,-6.922826283260291
2001-04-22,30.77577212199432,-16.94162521957572,16.304747231217753,-6.15562539666816
2001-04-23,30.23526943213384,-15.177251456936514,16.59700032256452,-8.07311834155333
2001-04-24,30.923894201377397,-16.244439147299452,15.7520009859934,-7.858301636451165
2001-04-25,32.06244756564433,-15.401086480117076,17.217492990144887,-8.099230824843646
2001-04-26,32.49574714562799,-15.780763837077789,16.681525954947002,-8.552440716643064
2001-04-27,33.11096858648756,-16.091017162620048,16.459182892735342,-8.238280185204491
2001-04-28,32.16694828741091,-15.647798593193583,16.767848869058408,-7.201362860465701
2001-04-29,31.68126924336259,-16.275773988356224,16.31692876190586,-7.621862963505533
2001-04-30,30.440749603625054,-17.264945781150146,15.370481014599862,-5.660219894336636
2001-05-01,29.306831246426206,-16.42657261005377,17.864847220877255,-6.126102007770278
2001-05-02,27.94445122152557,-16.188765263059565,17.630999812518375,-6.499193386565211
2001-05-03,28.383088890244963,-15.084999285183963,17.963041648372137,-5.481353084484419
2001-05-04,28.901798706555425,-14.490705932212014,18.076807797171714,-6.458937790118228
2001-05-05,29.758966921909956,-14.785799708846028,17.19333200752596,-5.547424402395482
2001-05-06,30.835867846185224,-13.451706031219638,16.72085455712086,-5.927617324197376
2001-05-07,32.57391187993708,-12.814777265150056,17.960075773620424,-6.926278460254742
2001-05-08,32.07340197996222,-13.895541247207214,18.33171252418322,-6.456739874644729
2001-05-09,32.8570596608526,-14.708061235250296,17.54618867599467,-6.978361739165905
2001-05-10,33.46095458996937,-14.708912915754011,16.009330286445877,-7.078890093534734
2001-05-11,33.36525301505733,-14.262684227062795,17.039805785061013,-7.487377682211268
2001-05-12,32.78987566086203,-13.90582338065332,16.566676937486825,-6.244458134158403
2001-05-13,31.319149936371502,-13.571045012430593,16.792494313654284,-5.72822044472861
2001-05-14,30.65236552582408,-13.012780317755706,14.446932353956639,-6.156588774349923
2001-05-15,31.87748995220587,-12.599057810558389,16.203137107490523,-5.808105159314305
2001-05-16,31.890451541128765,-13.383606637711974,15.190092234702744,-7.352161597170886
2001-05-17,31.791620342746633,-13.698730550705903,14.253558388916636,-8.179731671197569
2001-05-18,31.641167665561284,-14.606117451122739,13.945508604339535,-8.57468789282817
2001-05-19,31.241166182971455,-14.47606235170158,13.81740251111585,-7.907708265017509
2001-05-20,31.666017126133433,-14.709553316193931,14.51195059757955,-6.428549821789598
2001-05-21,32.1626255955832,-13.540853776787957,14.377368479199937,-7.521713037303568
2001-05-22,31.375603439541056,-14.311966370102484,14.535420628245129,-8.357104080880026
2001-05-23,33.72871365531713,-14.213664099892847,14.934567888850545,-7.173223345137832
2001-05-24,34.32439384686416,-14.96749653675271,14.90445266044031,-6.997712869139919
2001-05-25,35.124937861492946,-15.687812447699006,15.79423424043694,-7.013929481796704
2001-05-26,33.80376547739696,-14.671640360345819,15.967205506250895,-8.56189251555204
2001-05-27,33.45997771222843,-14.54109694738859,15.510527985824359,-8.433427425868322
2001-05-28,30.778103985025,-14.528896589048522,15.712635713242081,-8.832064958163373
2001-05-29,30.55623052603237,-15.799636787065111,16.34041256712001,-8.848139603606887
2001-05-30,30.54319859512914,-14.816932373188866,17.10733142707321,-11.2382268224403
2001-05-31,30.10509341779978,-14.875299046700649,18.903347094806335,-10.772577722829846
2001-06-01,30.938478053979708,-15.545271520840844,18.018520036356392,-11.736127966922904
2001-06-02,32.052828636131565,-15.563711178883045,19.1488115188918,-11.300851188280427
2001-06-03,31.194759705008988,-15.367887684015109,19.020913362636144,-10.836532786244552
2001-06-04,29.7091042896257,-16.105887728122806,18.240071298097117,-9.883091435473835
2001-06-05,30.607786293798018,-15.96285191688233,16.76372685032324,-9.272158862242089
2001-06-06,32.471579373837194,-16.223021975628836,16.273648525889268,-9.511570429305396
2001-06-07,31.29285898318947,-17.27080876944153,15.749432173836398,-10.615137584985108
2001-06-08,30.534402485033034,-18.809545077154638,14.820142669724106,-8.305605389495323
2001-06-09,30.344696932490642,-19.896041802588268,15.236392250763785,-8.280337244668747
2001-06-10,30.571710747386913,-20.90818330698248,15.403506951482127,-7.721970774469586
2001-06-11,30.830605349564394,-21.659419128103927,13.850176176813248,-8.130823858473173
2001-06-12,29.43514460041056,-23.774013661622373,13.740077832157189,-7.311861704919895
2001-06-13,30.036571641614685,-23.756090520505516,13.970661515796577,-6.307173020724461
2001-06-14,28.47907138811984,-24.70186528339513,15.537698001936903,-5.474824627409507
2001-06-15,29.9194696630301,-25.294298070355,14.468879253307415,-6.597482304977182
2001-06-16,28.641422860470364,-23.84366016951271,14.335209147584479,-7.138429248758739
2001-06-17,30.763213442781367,-25.383764136004974,15.007575431472597,-5.577518557884212
2001-06-18,32.016296676399186,-26.397634314876846,12.950860785764313,-6.03210449259101
2001-06-19,31.37946076324637,-27.47698574968449,12.967663278509669,-5.407846331963845
2001-06-20,31.69069037868616,-27.91404373853382,11.749712625305776,-5.506952044823133
2001-06-21,30.78560858440088,-27.628755765131192,12.400238995153334,-5.230137494978021
2001-06-22,31.267053024649396,-27.082179086027836,12.33107595333425,-4.073105851049783
2001-06-23,31.352403111221204,-29.285057094769527,14.625400632290777,-3.734911215966628
2001-06-24,29.65406997149998,-29.335172209939458,14.371638838117835,-3.919562483924996
2001-06-25,30.719023062752743,-30.026988322828494,13.875174220782945,-4.6649679615665836
2001-06-26,31.72955022886609,-28.81123499768819,13.775282177407544,-3.7266257589610285
2001-06-27,33.51836292055309,-29.88158781920163,14.358031131680045,-4.115141679318326
2001-06-28,33.6816535036589,-30.44754109108646,14.590698466997868,-3.836727426365194
2001-06-29,33.92370271641531,-29.102562715487252,14.218676944880228,-3.2979080499120443
2001-06-30,34.684231019184594,-29.72407241764745,13.05316791147683,0.27430873724838634
2001-07-01,35.7905509813874,-27.853091236151567,13.675034013592363,-0.26479746953591
2001-07-02,37.0589507225965,-28.487259223386094,13.670740360367592,-1.9344097048319502
2001-07-03,37.90408757566599,-27.69948871775906,13.966806567364976,-1.6312427296524246
2001-07-04,38.482993297007,-26.72319832865501,14.37166387626457,-2.7927180444700115
2001-07-05,38.49840879241294,-25.861408936860816,15.076023493888414,-1.8453509385312552
2001-07-06,36.02037819053553,-26.082995633757413,14.643596294683121,-3.0474399453129744
2001-07-07,35.996063972377236,-25.297754381929952,13.90943540446268,-1.1276485102369291
2001-07-08,35.82313681889994,-24.98254950463628,14.0696948309322,-1.7211510929605258
2001-07-09,35.9808494172967,-25.825324118767195,13.186180078100966,-1.567300947640464
2001-07-10,35.66280300260902,-24.866711238557947,14.308446904036794,-0.09022644127909207
2001-07-11,33.82886427911045,-24.760912612574273,14.165795422611506,-0.03903708722828587
2001-07-12,33.926508453307505,-25.022404512079895,14.485114025550363,-0.8470752884866266
2001-07-13,33.98351747176758,-23.993458618868672,13.807125680485301,-0.4111493064470802
2001-07-14,34.90366816804091,-23.559874237302495,14.656670763465746,0.41181439595650987
2001-07-15,34.65798153456811,-23.608230452747666,14.95556075286942,-0.23963046347847722
2001-07-16,34.87825991571554,-24.0234412107741,13.550347718593791,1.7416017710403882
2001-07-17,35.3330680378798,-25.97196127512471,14.914097035185186,0.8844282283616762
2001-07-18,35.852682990370624,-25.66109567115406,14.599929825258524,1.8513314583740106
2001-07-19,35.38011878676627,-27.436214981060544,14.5168262222843,2.4050256354046224
2001-07-20,35.4153114789472,-27.649446473588597,14.115184026103542,2.422443359104544
2001-07-21,36.139365239532474,-27.001265832830395,15.003617429481515,3.9101466556009394
2001-07-22,36.36100635885532,-26.830838990611046,14.248633127804213,5.556282029842979
2001-07-23,34.90534754597325,-25.882026836058813,14.169019210924525,4.7554740116320025
2001-07-24,36.753205937850105,-25.497268480618366,13.747819477573655,4.45499683294262
2001-07-25,34.7032297030461,-24.92181352959938,13.529909410383732,4.352679449323976
2001-07-26,35.32106059352335,-25.42974238316876,14.040109809598889,4.5173677144829725
2001-07-27,35.163309121344426,-25.0129907031809,14.15539256813174,4.048325399318107
2001-07-28,36.7691603539947,-25.657317539852322,12.141570261312165,4.032812822247465
2001-07-29,36.18989874641926,-26.5417078020853,14.67755462427457,5.139008055772483
2001-07-30,36.72232480819521,-27.399115450312657,16.173683546623778,4.908154924210044
2001-07-31,36.49055007842166,-27.676126535744533,14.677335171321825,5.854724293090387
2001-08-01,37.058959075206594,-26.888115827214182,14.142140300691356,6.63113871763668
2001-08-02,36.151867860380804,-27.09024156128689,14.53288408032961,6.728631446563826
2001-08-03,35.110025806244685,-27.215880907105902,13.191195171792637,5.80892520268656
2001-08-04,36.199607947019445,-27.67737584893212,12.144277672646187,7.53210003183926
2001-08-05,36.19604244392345,-28.56604714696672,12.638733421255349,7.486186857199949
2001-08-06,38.44549885429979,-29.595833802322765,12.67462971341674,7.750912801666611
2001-08-07,38.838817311989786,-29.865252266647644,13.42709526834753,7.550810757841598
2001-08-08,40.323299645855016,-30.902196748717177,13.100783602382023,6.480800643193737
2001-08-09,42.17804955355674,-32.02232793596125,12.286882790660162,5.331855430214192
2001-08-10,40.310657443977696,-33.68166674928685,12.410109970815194,3.5787110974521354
2001-08-11,41.111266101097236,-33.52876234145059,11.316532609900602,3.7926022103728507
2001-08-12,42.05095071360916,-32.12726223265932,12.131020970972003,3.094458450899001
2001-08-13,43.13246931516757,-30.735969735447114,14.217216446742457,1.6685936433470336
2001-08-14,42.213643567601615,-28.702888645492738,15.02520286809082,3.1544347931920336
2001-08-15,42.448031060135605,-28.105942595018067,13.381923666887424,2.503127311827896
2001-08-16,41.38403652053924,-26.874222011392863,13.912157246087439,1.6806686747340551
2001-08-17,42.240060563896456,-25.830040438673752,15.148611042257818,2.7899258868622767
2001-08-18,42.47682374664001,-26.778967057571595,14.859498044356648,2.0868615174934377
2001-08-19,41.91850225674156,-27.61875394791994,15.63001723659756,2.2419251969007483
2001-08-20,42.75194893062061,-27.802668493817222,16.768620312706464,-0.7882467839604375
2001-08-21,44.82374657537418,-27.626391119499395,15.987355492156189,-0.8196845509147632
2001-08-22,45.41920558416828,-28.06442338156444,14.766136183360219,-0.9122359882374461
2001-08-23,45.52618289423777,-28.960491321027938,13.482211893570305,0.12495645264272814
2001-08-24,43.08639585942472,-26.765107438674622,12.44916797350439,0.6819113482195924
2001-08-25,43.784096092578686,-26.543360963897413,11.964357782531065,-0.8499289700357757
2001-08-26,43.01641044166973,-26.695183933952194,12.378625041255315,-0.48676676787516937
2001-08-27,42.84364821712066,-26.64306236829824,11.67619378929133,-2.3207891719761253
2001-08-28,42.9222882852383,-26.57519584843468,11.846458912947558,-1.7102734993947597
2001-08-29,42.27104847459329,-26.759555142840544,11.04032186954831,0.4742912488419724
2001-08-30,41.580170845360094,-26.477819218616133,11.698930483833191,1.8990480276190433
2001-08-31,40.67681620681519,-26.671331122085267,11.756054350735088,4.105748383706131
2001-09-01,41.36715685901741,-25.53490170785918,13.590808494958607,3.2837003191148026
2001-09-02,39.52274518738386,-24.074298511934114,14.113507862747118,3.15525663227058
2001-09-03,41.590502935404096,-24.985388026903735,13.409733031925036,3.147350819953506
2001-09-04,42.448069222476505,-24.680803667591977,11.90972183109471,4.928868216381664
2001-09-05,43.35651878743905,-24.614443507712114,10.452955809528529,4.931996906425932
2001-09-06,43.48438727382091,-23.375959658843875,11.288358150653652,5.291427841787935
2001-09-07,45.03519514593581,-22.40387725747801,12.250921511140461,3.0524210903968503
2001-09-08,45.194445030987254,-22.29005992718453,12.86205258047033,2.0146077802420805
2001-09-09,44.064536409728476,-23.24395614116344,13.379767644743824,0.9734010306985197
2001-09-10,43.12790441297634,-20.897330739953055,13.450804486773894,1.0210531957730622
2001-09-11,43.40521966987228,-22.12013090119259,13.408216237752008,-0.15127582715693166
2001-09-12,43.39814399875862,-20.74489154950016,13.788388071752246,-0.5074846060118122
2001-09-13,43.94129532565905,-19.95207313736579,13.549104757135943,0.8845265512875932
2001-09-14,42.07347929621941,-19.34364362105136,14.13710575261433,0.6100982775249241
2001-09-15,42.40896455432163,-19.913554741708733,12.105723076256636,0.3962531632087747
2001-09-16,41.37359877493986,-18.239095339988666,12.033169370076378,0.30186295179354294
2001-09-17,40.055454879527844,-17.963301305867446,12.323733113771862,0.4198106414571983
2001-09-18,40.89887493442671,-18.77747837238792,12.763856247866054,0.4224292345619376
2001-09-19,39.44905200139027,-18.431461466568987,11.74124197190477,-0.06247758121860836
2001-09-20,38.07843869050864,-18.013876207882422,10.762264256602771,0.5731293479480672
2001-09-21,37.7469091544463,-17.43931490982543,9.305006014611424,0.4832483331290441
2001-09-22,37.95635783703925,-16.727055227983854,9.765904501906315,0.7815320738010342
2001-09-23,36.29928684567677,-18.079542812794728,9.93598896745566,-0.10886846591668875
2001-09-24,36.661090668595676,-17.685526362195816,11.149859638079807,-1.0747702822949836
2001-09-25,37.28397196040457,-18.937642425846857,10.632397933047356,-1.1358937036141992
2001-09-26,36.83165638011165,-18.882244123166565,11.286389479722963,-1.8674387014939258
2001-09-27,36.74527318466177,-18.35974350753654,12.989333340763572,-1.8395226182160171
2001-09-28,37.4275898586458,-17.605187547939234,13.818916728132095,-1.6019148440086994
2001-09-29,38.69473508940662,-19.183344361113118,15.134136106660751,-0.6506301616536676
2001-09-30,38.50060726643192,-18.9102231674491,15.27944780836923,-1.2531847926777224
2001-10-01,39.33200388779001,-16.074689245563775,15.060726150176572,-1.7991971342560307
2001-10-02,39.35717872454744,-14.891311647426624,15.396994542195234,-0.8841166010408927
2001-10-03,39.432739242711115,-15.181911966034713,16.044970673760705,0.34987002210471574
2001-10-04,40.13979442405661,-16.079325807128978,16.214049153231937,-0.43468953408189315
2001-10-05,41.405509469214365,-17.50765805031379,16.149767941672817,-0.6823507226962141
2001-10-06,39.90391000305212,-17.274502111997794,15.598751955971295,0.2443332592600551
2001-10-07,39.80878701829539,-18.42560406299917,15.15390509765157,0.5063930626143932
2001-10-08,41.23015489164055,-18.581270529074732,13.607345457947227,0.6265608553869784
2001-10-09,41.22836767833954,-19.387539741346842,13.997683107234822,-0.045290990354701965
2001-10-10,41.549861412248084,-18.560952806474777,16.156449865524845,-1.9913636837403188
2001-10-11,41.798271900899465,-17.76393253212558,15.696688191705151,-3.179543634987806
2001-10-12,41.66867004518446,-19.764339183277485,15.650658100961445,-2.3175904475062667
2001-10-13,43.6428461853276,-19.286155961756567,16.415681605248267,-1.5983606017709717
2001-10-14,43.60385165445256,-19.95860878245233,18.00638737306338,-1.129742819642225
2001-10-15,44.766861696632255,-19.673809180353388,17.949628331509803,0.03712605413759418
2001-10-16,46.19359471364076,-21.206985643216587,16.73122887187974,-0.02818838720460616
2001-10-17,47.011014190385126,-20.432359509920044,15.687341835453255,0.8328812139509649
2001-10-18,47.6249734890424,-20.432902497804676,16.717835626602405,0.7923366143014243
2001-10-19,46.167549687051505,-20.823139398642255,16.09592516832637,-0.26146840394529414
2001-10-20,45.43952091510451,-20.991164714442736,16.743287781169673,-0.6432886613237621
2001-10-21,45.27528033927104,-21.798353599155302,18.18522313311387,-1.5817559047402843
2001-10-22,44.521435671967176,-22.1804671007517,17.94944834058301,-0.324907419197781
2001-10-23,44.68214358954958,-21.32643551598437,16.77204058607796,-1.5064386178634923
2001-10-24,44.3529375409838,-20.079058348863537,17.076357290764864,-3.0318242558639885
2001-10-25,44.549389017380065,-20.17181560907355,17.08319603511549,-2.4669338919509443
2001-10-26,45.97273453454348,-20.65274466538194,17.926189138244617,-1.4738860938052936
2001-10-27,46.93718030659828,-21.235793931016723,18.788010323155483,-0.5159306796013499
2001-10-28,46.875896741797,-21.626388006032993,18.654592075025157,-0.18354959983377445
2001-10-29,45.81430021412839,-21.3215604692055,16.975254698751225,0.7368686662269015
2001-10-30,44.1569304544179,-20.664344066414014,17.22789422336757,-0.37727570505206653
2001-10-31,44.099737833915185,-21.16469272200159,16.315052657025618,-0.7835487088151036
2001-11-01,42.79247905360165,-21.177835482296047,17.257674184009446,0.01097152916658961
2001-11-02,43.52018700091391,-19.961923054237385,17.945105891116196,-0.02289634837304398
2001-11-03,43.13707131179443,-19.88793814924048,17.691811811261033,-0.33392803814369
2001-11-04,43.235930098484076,-19.67237451285546,17.35313626412089,0.47712132534467966
2001-11-05,42.636231767681444,-19.963894802467493,18.42574741916384,1.302023151105507
2001-11-06,43.40325322490029,-20.110063678307267,18.84334722932121,0.7060736273353488
2001-11-07,44.78190232865938,-20.86618412168358,18.063940152171277,-1.2255992877081119
2001-11-08,44.11372073849652,-20.21515741570146,18.929665636193125,0.07720581399272808
2001-11-09,43.950554699589226,-22.036716859161153,17.38385450549976,-0.2382384720931532
2001-11-10,44.52519943095864,-20.071622809038324,17.87142996661119,1.0974302314960427
2001-11-11,42.3022961795688,-20.12935993850946,18.933238797035333,-0.7266548019387271
2001-11-12,41.678326155360814,-19.99382455582951,19.24904214136562,-2.1630525128739686
2001-11-13,42.26412618604895,-19.70756928464881,19.144468377261138,-3.4160220468054936
2001-11-14,43.07339584448904,-19.671792948205066,19.517401062724577,-5.140425414713962
2001-11-15,42.01725272168484,-21.446097769704455,20.70334135989415,-6.736171007327023
2001-11-16,42.59240682826221,-22.54866488046303,20.231647480437736,-6.497241752945748
2001-11-17,42.24657021780748,-22.214907481412506,20.620669003733084,-6.918484949971982
2001-11-18,43.68957675222658,-21.60099138377014,20.154548016141987,-6.448304035988741
2001-11-19,42.14025962623259,-22.516452749333688,20.089341538135542,-6.797459269331531
2001-11-20,42.574245599640236,-24.405265209477896,19.930985917884147,-6.578743366196877
2001-11-21,42.85921935735517,-25.189998311721453,20.944040211686573,-6.087136045276127
2001-11-22,40.39029355482735,-24.894088482749265,21.196168531369448,-5.520882338982616
2001-11-23,40.47778800653675,-25.2359095587879,20.1370271417089,-4.478941118578361
2001-11-24,40.760959023844244,-25.9181026411097,20.18340752306303,-3.9784729101707246
2001-11-25,40.529546364572234,-26.96762505256025,21.07477073914984,-4.849258894683148
2001-11-26,40.081582909002336,-28.35790880719076,20.16067822355963,-5.0592274369571
2001-11-27,40.06771661448052,-28.171158314029977,20.89472135168394,-5.763508438051575
2001-11-28,42.212630042802445,-28.958245192495756,20.097044643088676,-5.725872673763306
2001-11-29,43.268646656533406,-27.436512395381676,18.47744973032015,-7.231559920697427
2001-11-30,44.06338910431222,-27.682195838143695,16.62438990576866,-6.810730645838516
2001-12-01,44.81370702206009,-26.759744991593273,17.654786211710412,-7.02679105367339
2001-12-02,43.104270834977946,-26.671845053214444,17.18054482782311,-6.864244534602891
2001-12-03,41.1961275297848,-25.90078535326827,17.2632411574145,-7.043743335861624
2001-12-04,40.9660705930417,-26.30681542265591,16.01519679074886,-9.338705795970913
2001-12-05,41.316142289372806,-27.719555419949593,14.209625633957764,-11.152376565606898
2001-12-06,42.028489419052235,-28.52921025746315,12.405361440233344,-11.537773303315944
2001-12-07,42.076008342532866,-29.08334539464469,13.442168109587138,-11.163749399656943
2001-12-08,41.75153710548701,-28.706706499940587,13.977022079269341,-10.950464050691082
2001-12-09,42.87007028068547,-27.07786477441118,11.737588402355954,-11.828473093900106
2001-12-10,43.87399538094718,-27.42635987644269,11.707457697677318,-13.596900817060114
2001-12-11,42.66742968213321,-24.8208339842634,12.24661574637242,-13.508091745612514
2001-12-12,43.20257714467009,-24.36728930684612,10.971421273030137,-12.750883688742448
2001-12-13,42.89650927290718,-25.23637552390098,10.581146241454915,-14.03678124294954
2001-12-14,43.90628357598711,-25.151520167545822,11.905804477212287,-11.280542290623796
2001-12-15,42.693969910294626,-23.935019364327463,11.623502207183101,-13.05003804400382
2001-12-16,41.8469582471367,-24.650941510855308,13.471384700424162,-12.602972186011403
2001-12-17,41.78923007531248,-24.56894599470575,12.565420747120708,-12.974724155052435
2001-12-18,41.541420544874754,-24.847197759334673,11.384704000035805,-12.245015130438496
2001-12-19,38.92930903509841,-24.986925569762498,11.475850015032528,-11.81340144739803
2001-12-20,40.51792609260883,-25.762441122775616,11.441585826830643,-10.615272813935148
2001-12-21,40.43141533756856,-24.74367230865384,11.078222798952302,-9.321355769942775
2001-12-22,40.772249067193876,-24.219672138363762,10.115106389109561,-9.576640521471113
2001-12-23,40.697773470958424,-25.12174213955884,9.971361906506557,-9.590758655012547
2001-12-24,41.9734753993162,-27.55726245323717,10.24995422719551,-9.42077586553825
2001-12-25,41.20442576709737,-27.296891907343472,10.412614489015594,-8.895293655992521
2001-12-26,41.195534434660445,-25.594902244795488,8.999037468991764,-11.319122099429126
2001-12-27,40.45876502883451,-25.5055875472895,7.2469453818101695,-11.009504443330476
2001-12-28,40.83453968861825,-25.58795757423545,6.751460649975284,-8.67274663144275
2001-12-29,40.51924511341497,-27.012065542012465,6.780789583298639,-8.129693090177362
2001-12-30,39.83920250341485,-26.062228854250325,5.82689852807401,-11.074237654795343
2001-12-31,39.30748372812638,-26.53357236911493,6.202435419359371,-11.1383170897273
2002-01-01,40.06835852966394,-25.76226762517929,5.5635721784185375,-9.826502157451921
2002-01-02,40.36584230538939,-26.45388538262833,5.355948130861993,-10.247532735405395
2002-01-03,39.92552258483398,-26.130581938742072,5.355757729262226,-9.129524981236164
2002-01-04,42.64691240267002,-26.408434526860084,4.7723776843266394,-9.595803973791483
2002-01-05,43.77842884068622,-26.717950779137027,5.200856846679645,-9.771659793738813
2002-01-06,44.34675670736959,-26.55682799871559,4.888685230821154,-10.126122277388962
2002-01-07,44.22649982718526,-25.02450133968202,4.746847090266628,-9.641876296686346
2002-01-08,44.06757236291292,-24.85896603292053,5.20691433707604,-9.688962600628138
2002-01-09,45.09039987627596,-22.55230602571035,5.1605345817617625,-9.842490244898263
2002-01-10,45.20620802043917,-22.53583355838828,4.728795013570174,-13.106418188023586
2002-01-11,45.541544567627746,-21.734587235168494,5.991691561232299,-12.75898471925263
2002-01-12,45.75811804989526,-22.48332712241033,4.849194095665892,-12.688647824905585
2002-01-13,44.96077997041709,-18.396430726182235,5.916394765882869,-11.866794977676554
2002-01-14,45.12145089811679,-17.89897425143948,5.505278240964835,-12.589200321719144
2002-01-15,44.094379286316894,-18.194179937210404,6.068682522480911,-11.04782441663933
2002-01-16,44.752882962073535,-18.0070957392308,3.760216211068442,-9.079415952713791
2002-01-17,46.03134652490294,-18.362574635501257,4.438430541661178,-7.578961276436013
2002-01-18,47.66306338773536,-17.261571454633593,4.427097048371584,-8.81791637159262
2002-01-19,47.45288460292261,-17.55581154577528,5.725939044880096,-8.852044654097277
2002-01-20,47.42075727964009,-18.079929808427607,4.271404016615624,-8.425414926180881
2002-01-21,47.74918496140322,-17.522899546189254,3.181237859813257,-7.1208936895611075
2002-01-22,47.512640744453286,-16.76883988970419,2.867118922981688,-4.698876560837079
2002-01-23,47.43423305459768,-17.2564335432334,3.6890523276667384,-4.246418794995108
2002-01-24,48.94994080509422,-14.440984640244679,3.5493936907395978,-2.2105554187247547
2002-01-25,49.72129434619149,-13.334777552672685,2.8581026226125825,-2.1742279363537738
2002-01-26,49.9750789787533,-12.768956050967475,2.685067013324317,-1.8611025331461888
2002-01-27,49.252269330356256,-11.404157631299686,1.2505510421814392,-2.167502600804538
2002-01-28,50.54959659198947,-12.166430967201073,-0.46215132659799196,-3.7169110331523822
2002-01-29,49.87464633044237,-10.877102568770834,-0.3234242838054055,-4.063527747367409
2002-01-30,49.76954644128226,-10.414912156904862,-0.5725857103970762,-4.539786957178343
2002-01-31,50.02894414025026,-9.007505586098588,1.0742577838698135,-3.545971214277782
2002-02-01,49.97251516928106,-9.839104454654683,0.6915730896543615,-3.285984380024338
2002-02-02,51.068778466211825,-9.718513383322694,0.7882766068558239,-4.212730771598139
2002-02-03,50.770362071031336,-10.205212378049367,1.0852701090751098,-3.81564658201902
2002-02-04,51.8675560423518,-10.431767098344608,2.268303458940631,-2.7956530245742313
2002-02-05,50.34290402345788,-10.656617799396685,1.0044260213284986,-2.972204592340428
2002-02-06,51.6836798688636,-9.496735596464237,0.4887745625552158,-3.1027820707703753
2002-02-07,53.7126243346574,-7.558572919049261,0.44468300307849384,-2.1458255628236396
2002-02-08,54.40538975815638,-7.460002118567178,-0.5435307309048639,-4.4267200338242985
2002-02-09,54.89092087104214,-8.488223820087608,-1.0220720144763082,-5.324348385723154
2002-02-10,55.97650263990027,-7.467525693211845,-0.6078550979324611,-4.535918827275429
2002-02-11,53.90253715645229,-7.7036630252678195,1.577669349466603,-4.43364551396898
2002-02-12,52.98563335641567,-6.053804391750636,0.8546880310000778,-3.8394997349459072
2002-02-13,52.903911971007176,-6.57688483435551,1.1923529023080008,-3.528505638505411
2002-02-14,52.1838090063702,-8.443534105084591,0.22704439764168194,-3.226421333674671
2002-02-15,52.0103011761722,-8.288375549952718,0.288522846046851,-3.6220141833377815
2002-02-16,51.34770740237939,-8.764512479271094,1.0060336627927198,-3.090507717275647
2002-02-17,50.834988775131855,-7.890709876807175,1.4939611715324586,-4.042170258324399
2002-02-18,49.64699266961075,-7.312286618367821,1.2510305383210336,-3.7794247251486417
2002-02-19,49.574466220544004,-6.688650877027533,-0.5707727150486197,-3.1506249560671717
2002-02-20,49.992003118090985,-6.0685128145506475,-1.3716606497099475,-3.7445900562812824
2002-02-21,50.738274556434064,-7.013602791968317,0.6272452010067378,-3.6360084700895805
2002-02-22,50.650182073175415,-7.274693751131954,1.209073269809078,-5.937417376790286
2002-02-23,50.67542779145518,-8.530452954121907,1.829027305571227,-5.081818021931392
2002-02-24,51.62341211804362,-8.57792819213899,1.1894247908527027,-4.077709410465544
2002-02-25,50.5843439905978,-6.986059285324375,-0.06767549969074715,-4.077652115001746
2002-02-26,52.121540155670246,-6.3105518647828704,0.9008254536106794,-3.166753487762871
2002-02-27,52.680124532233116,-4.991437951811666,0.8017219638261169,-3.96544822594504
2002-02-28,51.499838197752325,-3.695509837234951,-0.7304882720236768,-5.38545243393916
2002-03-01,51.29869678791189,-5.129281874726295,-0.687576368052306,-4.408766305028029
2002-03-02,52.22144621305529,-4.9332447269436095,-2.6527288181857616,-3.6553974054921143
2002-03-03,53.298581742928,-5.526105111715092,-4.065745521278567,-2.5563016780744245
2002-03-04,53.500880331749165,-5.770168570796451,-4.169749716639013,-1.6136086765987518
2002-03-05,52.171559301558595,-6.274274785206565,-2.9580831649725927,-0.7884730662230658
2002-03-06,52.75867098679155,-5.521232118361493,-1.9408042589846786,0.48167324646515686
2002-03-07,54.650851514041285,-6.447963946387862,-0.9013653729179179,0.16945843259734017
2002-03-08,55.03685595260672,-6.176449365218945,0.7231075409879846,0.2234672023821527
2002-03-09,56.463149520980735,-5.865906503567409,1.8309297527243749,-0.3376398602919761
2002-03-10,55.58386015661222,-5.383517632536067,1.2717877570499545,-1.422927082319051
2002-03-11,57.14449370272792,-5.4608286116144,0.357933247187877,0.41024031144900586
2002-03-12,56.454235143738686,-5.539836430216851,-0.7486253309267997,-0.33605771211180513
2002-03-13,53.246507470530545,-5.837577459782518,-0.802267534028396,-0.8892565128513479
2002-03-14,53.502039217147704,-4.913142640288902,1.6205822415950053,-0.5533042195931679
2002-03-15,53.21490968965435,-4.970373453726764,2.1755125676706326,0.1679958476110811
2002-03-16,53.17466207478518,-5.143081255487062,1.3409231999338806,0.9375360664122909
2002-03-17,52.947050107455745,-5.840701719199436,1.5909207447215672,-0.025303613139970427
2002-03-18,51.91592297972522,-4.929313981458109,2.97219718978874,0.14619916910442157
2002-03-19,50.737948339314144,-6.084056051125768,1.4791336698090198,-1.6188323159223372
2002-03-20,50.88322091227343,-7.657741998229777,0.7308429392484622,-2.920978356337912
2002-03-21,50.95782177040412,-8.362969302443252,-0.17355462702264302,-3.97275730819205
2002-03-22,51.70819783855874,-8.460892600659097,0.835956545585058,-2.402123869675462
2002-03-23,51.11351825580559,-6.585616043548064,-0.5612859409857792,-1.9626281284597933
2002-03-24,51.71086022116734,-6.119446993044684,0.3075032037042763,-2.54630226495897
2002-03-25,51.87039347117275,-6.09488464187355,-1.429364393382199,-2.3023696701496448
2002-03-26,51.42540661937756,-6.3702848819383995,-1.9800763241105794,-1.8489961959116243
2002-03-27,52.96254539752817,-8.043224962410205,-2.789615296268547,-1.8774079348630268
2002-03-28,54.35999828528375,-6.59472339293612,-1.3251201577463811,-1.3955095456045974
2002-03-29,54.45449829989437,-6.781196957723178,-1.4530616236546463,-1.128623810058631
2002-03-30,55.763145458074824,-6.905873334542557,-1.407220154326609,-1.2696087559369487
2002-03-31,56.07746122317919,-7.587413929123253,-0.36899239495601943,-1.730383397982468
2002-04-01,57.57203649536132,-7.041380203083303,1.156108410452306,-1.0487185966345534
2002-04-02,60.68108502637655,-7.8568497903868115,2.9557457469488306,-2.0092564558563755
2002-04-03,61.78283009796569,-7.636635356780771,3.96679157268865,-2.7558422757150156
2002-04-04,62.85574374330796,-7.055648987860853,4.607050818065352,-3.247397296895262
2002-04-05,63.9440394951853,-7.126012735119131,5.120674265563612,-1.8783513929792626
2002-04-06,63.974893294068224,-5.591781755668878,6.043132146094853,-2.852786929978151
2002-04-07,65.95916580167062,-5.2458848855029885,6.9516052424856625,-4.479347901872003
2002-04-08,68.91437602500534,-5.1359199688167365,6.64339176075231,-2.5470588956650175
2002-04-09,68.4019773845586,-5.757497466400796,6.196407951038785,-3.129951558494783
2002-04-10,69.25621562602187,-5.908027023394188,6.189080793434456,-2.9048989744405014
2002-04-11,70.64141093061434,-4.551181739927969,6.441900177467838,-4.459305212911082
2002-04-12,70.06332152010657,-4.362151323309569,8.155115529466752,-5.7377138826790315
2002-04-13,69.58938814059158,-5.321906692161468,7.802389503639911,-6.030853201023659
2002-04-14,69.3066010072253,-5.266674587340008,5.948750029124584,-5.195974851854924
2002-04-15,68.14552585495335,-4.498712146213399,4.684914649592579,-5.085587787745113
2002-04-16,68.03036950052149,-4.896828240807359,4.5989534798144724,-4.751561034052232
2002-04-17,67.70308721198582,-5.329901016607374,3.6900001560606106,-4.903368619325421
2002-04-18,69.79907793016793,-6.0470233823923705,3.0593763747480747,-3.7914525472265774
2002-04-19,68.38131052954844,-5.855120849054666,1.2316556376590744,-3.1714792624133032
2002-04-20,69.44562555984648,-7.93518690357264,2.012428302676636,-4.0865044013133405
2002-04-21,68.22427392090215,-10.115623266721926,1.2017719455304552,-4.283095134099475
2002-04-22,68.73370884280628,-8.355597922678259,1.294089620498235,-4.538748341575416
2002-04-23,69.15563949785317,-7.078904410112551,2.4860480532183384,-5.049092739824153
2002-04-24,67.68709477593737,-7.4965602661269,4.3070429266888635,-5.960708410535296
2002-04-25,67.36747713145192,-7.625681878339695,3.5300190803703604,-6.318643565575755
2002-04-26,67.43842341760265,-8.054810365389411,3.0425723819978576,-7.109421591344635
2002-04-27,66.92096638401853,-7.601440066837801,3.886088875759614,-8.100995586810708
2002-04-28,67.95556856790985,-8.857053309430095,2.5676504746013364,-7.453426551600285
2002-04-29,66.57122671699095,-9.48775093284127,2.1708382020440573,-6.205584407474987
2002-04-30,67.10844034150661,-9.962814997488403,2.9926662544517724,-7.03066233734621
2002-05-01,66.43518311072373,-10.104308064216593,4.007557908890917,-6.879036543835546
2002-05-02,66.99474925515798,-11.246264980354482,3.4361431961051045,-8.47510323986467
2002-05-03,66.76707855229354,-10.28446974932761,5.415380328101353,-6.8950102043584955
2002-05-04,64.25220643875231,-9.83405930115311,5.2202371580551405,-6.408100264868273
2002-05-05,64.58920962113085,-12.079752031067347,5.069754368672067,-6.263079217690867
2002-05-06,62.47939338582033,-11.551674603573124,5.75137371912893,-8.338807534778775
2002-05-07,61.59375001633122,-13.249706934269199,4.756612499624064,-10.363611294357142
2002-05-08,61.50199279117314,-12.969742004038563,4.317236715172009,-10.799964531672584
2002-05-09,59.80871761568613,-12.176830144174664,3.466392879815762,-10.31897769469917
2002-05-10,59.41320195187419,-12.798684467084644,2.4438613357790446,-10.142384072694435
2002-05-11,58.25929234150408,-13.660504065220348,3.9369386883993487,-8.722251772823787
2002-05-12,57.1740735237658,-14.344589839342737,4.9090166099429355,-11.57856281199809
2002-05-13,56.56126637503629,-14.313516744344332,4.976753697467603,-11.654593584417004
2002-05-14,57.51687252861637,-17.225249175713017,4.216535184366716,-13.247741978725697
2002-05-15,57.920387241615536,-16.8983566484428,4.30175898392604,-12.481192565107836
2002-05-16,57.013626769603725,-14.732915846766797,4.0643760025927325,-13.559103320703818
2002-05-17,56.155123869112884,-13.8466810711251,3.6173705475426545,-13.705034065288146
2002-05-18,56.50757132718944,-14.518439711785815,4.571823996578211,-13.70343451873592
2002-05-19,57.00916368936512,-14.750668537475295,4.450596087907621,-12.891658090521727
2002-05-20,56.69035886894374,-13.442484724934815,3.8632833364430135,-13.431181304317445
2002-05-21,58.659465171845355,-14.205057726738628,3.922611790290553,-12.176889432946624
2002-05-22,58.7153528631133,-14.895724948943744,3.9638326653848126,-11.036161596239172
2002-05-23,59.06849744178644,-15.83837986388711,3.4923912997749085,-9.247512467774333
2002-05-24,60.0816856388145,-16.618446429813847,2.2144823956203243,-9.517076287775316
2002-05-25,60.37982483074587,-17.15935751565817,0.6819403246417455,-10.167047067042914
2002-05-26,60.34979528251349,-18.935300151113157,0.8078711603548119,-9.086060067742338
2002-05-27,60.29470553107448,-19.16364438108057,0.0648781238943702,-7.222745626545388
2002-05-28,60.74186960998139,-19.884861810651223,0.9387280952107329,-7.956645544589167
2002-05-29,61.53495097253761,-20.046514123935598,-0.05850868130208153,-9.964647640838693
2002-05-30,61.5113083149825,-18.21541407029653,1.4712037135931606,-10.504700420217299
2002-05-31,61.19683841906814,-17.333553969278483,1.7280527251149929,-12.362032711364959
2002-06-01,61.186127620943466,-18.398326984712572,1.8680255192926123,-12.313502089393932
2002-06-02,60.42212485343217,-17.420569111937734,2.995445665243488,-14.025700695070162
2002-06-03,58.39714299126814,-17.290635998201214,4.110299050016019,-15.780793195210038
2002-06-04,56.61051403739554,-17.672230190713766,3.774154989966464,-17.771148735503786
2002-06-05,56.2587670672569,-18.047220440223498,4.187379732313156,-17.749968665748472
2002-06-06,55.29610936132324,-18.76819447047646,5.438327662407803,-17.30524007443065
2002-06-07,55.94652940624332,-19.67118118199952,5.619254063629434,-18.327824321886673
2002-06-08,56.15849934505307,-22.135345212290915,6.536566881441724,-17.304879716962084
2002-06-09,56.141171232557085,-21.182033990910085,4.973573179242539,-18.790373478683758
2002-06-10,55.75818140080002,-21.874138502845767,5.476235164031006,-17.349516534049346
2002-06-11,55.88662234651491,-21.341200720492665,5.205594675073277,-18.36370331577239
2002-06-12,55.33972204432352,-20.792328145690878,5.658452410456386,-19.965554694867276
2002-06-13,54.49942336356406,-20.65869228262887,7.658058270988343,-18.35050676149522
2002-06-14,55.28101383125276,-20.525455315448877,8.243764001652636,-18.01000267217273
2002-06-15,53.10864046244758,-18.72581974051856,8.203393347235188,-18.381354065792088
2002-06-16,53.04001994452313,-18.581347276824285,7.329068551694031,-18.31180577312166
2002-06-17,50.85836394977696,-19.722949225008648,7.234844903444046,-19.699198460547887
2002-06-18,50.484198932924535,-20.492399007036816,7.858001064442537,-18.056853307295523
2002-06-19,51.439256179363966,-22.140367464462276,7.087669679263687,-17.35698691729529
2002-06-20,53.05941402430602,-23.400738793084958,7.005146659820303,-18.453454634195754
2002-06-21,52.8696748062207,-24.90128497747996,7.23001285622787,-18.277889642644762
2002-06-22,53.24685174250036,-26.012353680952458,8.055244542697702,-18.853523294966973
2002-06-23,52.20145352821555,-23.802737353221787,7.887687406414551,-19.439231497134557
2002-06-24,50.849777584727725,-23.664932398957713,9.404290192961218,-18.88154223627305
2002-06-25,50.5031289151785,-24.365726117465876,9.154849510960021,-20.327992523255396
2002-06-26,50.30415470152566,-24.664493020074648,9.782626592644082,-19.02553778073245
2002-06-27,49.98273523608491,-24.4784463526362,10.602931429072218,-18.406384544636982
2002-06-28,51.643267233473075,-23.666800164629016,9.353449096792577,-18.470217257111006
2002-06-29,51.23408252590067,-23.414530309305455,9.647178531920488,-18.570024566649305
2002-06-30,51.27822876463606,-22.896851184574864,10.896875916105312,-17.185907161450874
2002-07-01,51.50888869301192,-22.619306666207816,9.399087480904214,-15.845425965285067
2002-07-02,51.166198218995866,-22.585894712689687,7.320409610043567,-16.702231333187136
2002-07-03,51.933212744641125,-19.11835731771781,6.563922188206318,-16.017824723029502
2002-07-04,52.60819778721046,-19.95640877678726,6.965709254400857,-15.809598379443921
2002-07-05,50.993960985789606,-19.22483004975303,6.88245764094957,-14.148769086466157
2002-07-06,52.476084526846805,-18.389298514470248,8.661699461594477,-14.243087447635675
2002-07-07,55.453848734882804,-18.516610212385096,7.625874006026617,-14.371087995615307
2002-07-08,55.518145142838684,-19.249714801082646,6.719153538678294,-14.170413986942552
2002-07-09,55.77689399439756,-18.068068089972837,5.9803567614124,-14.103746301143694
2002-07-10,58.07530057898843,-18.407718898058928,7.145774233471734,-14.681366839796816
2002-07-11,57.89560932081466,-17.922144258281648,6.8946060934008,-14.571743443529956
2002-07-12,58.18818724674149,-18.086601226613972,6.208657089638331,-14.757874128122232
2002-07-13,57.03578454461446,-17.33743261116316,6.16573316109652,-14.96929097049071
2002-07-14,58.09169701890043,-17.739834659619987,3.4755805118286998,-15.86230777373159
2002-07-15,59.036042977785975,-15.822089612050776,4.678644498492162,-16.489556201627416
2002-07-16,57.63742999845464,-15.0725870138984,6.6319263506464265,-16.156955054921106
2002-07-17,55.236123082668314,-15.119412039965322,6.652526726564667,-14.715437450229242
2002-07-18,55.205195186871535,-15.78964578629102,6.996670869426918,-15.133928663979193
2002-07-19,52.23429426959392,-16.330292095299097,5.586654022993886,-14.336143179446461
2002-07-20,51.55510461351845,-16.020648555891587,6.486286963234401,-14.666353498509535
2002-07-21,50.454219854371296,-14.70638841613718,6.983188671744535,-14.22219301938834
2002-07-22,49.28574609400366,-12.889389384325634,7.49578188340552,-13.587740948380516
2002-07-23,49.83639831676389,-14.049993097015593,5.880932870373611,-14.445242151461517
2002-07-24,50.385511350614664,-14.768936789722654,5.142145904350486,-15.022586232357938
2002-07-25,50.23648274960807,-14.576331112539618,6.330414217637031,-15.820773984382821
2002-07-26,50.76359837249917,-14.623706800175338,8.355444240993542,-15.317705956576928
2002-07-27,53.929246493436715,-14.094674662060157,8.666764382402153,-15.289744813753359
2002-07-28,54.26689562237741,-14.53117809654074,8.755244581684247,-17.714740596383866
2002-07-29,55.087640923767516,-14.328221509922257,7.397727888216979,-18.83941583692792
2002-07-30,54.216244863674326,-15.106433714610876,7.446028392666085,-18.796456967214603
2002-07-31,53.65641527774561,-13.795241282633741,5.753126003371311,-18.273478946510828
2002-08-01,53.84256739365976,-13.541558979956076,5.841255030843852,-16.940831117137684
2002-08-02,52.24134540974245,-12.531584963959197,3.987559575127878,-16.215552928778795
2002-08-03,52.574331816640324,-13.750302691957197,3.8552546478963676,-17.47731864532035
2002-08-04,54.67973568541853,-12.79536687384274,2.6430909829391878,-18.029967052500158
2002-08-05,54.84133736516044,-13.129022569430182,-0.6539545194514882,-18.2968891584993
2002-08-06,53.75348039032986,-9.257445426774714,-1.8018644966273805,-17.913360798217536
2002-08-07,53.76635970541157,-9.495771084650363,-3.0290428969862484,-18.726701185764952
2002-08-08,53.987834821658275,-7.825698187294836,-3.4281412512419176,-18.629301494336726
2002-08-09,52.45949247010438,-9.835997506834975,-3.471309094110356,-19.372411474824624
2002-08-10,52.83833756237772,-8.800123840751496,-3.5404270414524968,-19.4379944605019
2002-08-11,55.4400674630287,-9.607582559994245,-2.708725630636831,-21.060654491807842
2002-08-12,55.102662331264575,-10.449332061745164,-2.035980295252993,-20.808357653128525
2002-08-13,54.2576217680761,-10.907960880407348,1.1623248796600092,-20.738485559526517
2002-08-14,54.085618780229794,-12.330152367273074,2.019161507059849,-20.823701914416947
2002-08-15,53.49542267225318,-12.647745695848988,2.0154443089921537,-21.89564591250049
2002-08-16,55.28361209732219,-14.3942378834938,1.7720810914012701,-20.721627826735745
2002-08-17,56.73169647298022,-15.071809855691008,1.6037672449877207,-21.233790438448082
2002-08-18,55.34681424619712,-17.344393347415128,2.884971066654157,-20.878886407707583
2002-08-19,55.27126330231318,-17.78220351310831,1.905049585926049,-20.646703155923515
2002-08-20,57.292716798438896,-19.15992765829304,2.0669664674001025,-20.89357218046341
2002-08-21,59.08449446063546,-18.427616164938957,1.5475874024992833,-21.831174508491433
2002-08-22,61.10622395593106,-19.653398910238664,1.713970192782953,-22.780988221331516
2002-08-23,60.73920403894082,-22.48219215226426,0.35478974928244367,-24.376990070672914
2002-08-24,61.54356250728443,-21.058894607204444,0.8602701148069892,-25.72500389592048
2002-08-25,61.74274565464721,-20.368739248132403,0.27996800623566986,-26.271994322159774
2002-08-26,61.6330620465302,-19.962861281210312,-0.18552968479844428,-25.973216015276066
2002-08-27,62.31497245101685,-20.467454602476742,-2.531497744820501,-24.834895146781616
2002-08-28,61.872199965956106,-20.781235713630732,-2.4312996163787246,-24.138686342432983
2002-08-29,62.17161801134189,-20.529627426149954,-2.3768267373348437,-23.260166444926384
2002-08-30,61.82795805663539,-22.076684169531372,-1.6643809056894934,-24.885318668141746
2002-08-31,61.82629756716317,-24.03430696236723,-2.00733462705497,-25.18621761709604
2002-09-01,61.82521619995378,-24.215450806337348,-3.415460079328583,-23.37115187811196
2002-09-02,61.46902665707298,-23.973236884746544,-2.8346345224082325,-23.909061639912004
2002-09-03,62.053252844500975,-24.24421298164124,-2.7108409652383685,-23.005812086651375
2002-09-04,59.978850223494355,-24.40886316621977,-2.6813942510066315,-22.683632359998033
2002-09-05,58.35968812435401,-23.31630305777417,-4.067440871783157,-22.90217169209773
2002-09-06,57.159817192715586,-22.445380651627385,-4.198511197872127,-22.6693032469934
2002-09-07,54.71211202506341,-22.328623374183046,-5.270464874065938,-22.008642513539915
2002-09-08,55.4256350676379,-22.972965080774518,-5.602221572019191,-20.226650635540395
2002-09-09,54.066391492890176,-23.352819205478955,-5.436485771198248,-18.807068646095573
2002-09-10,53.251304202686065,-24.024881953724798,-5.210093258762867,-18.660857090185388
2002-09-11,54.51070744164104,-23.74504417455561,-5.16793093718793,-18.35139891535139
2002-09-12,52.58239513811405,-23.31999340904309,-3.940873541605823,-16.98210229191881
2002-09-13,52.65486981060783,-21.749389435468782,-4.162308540026796,-17.87567027359061
2002-09-14,51.413342252112315,-21.968330148843197,-4.507510646901377,-17.792066002359178
2002-09-15,53.72054771034308,-22.45680680912651,-5.278141267594186,-18.624794361961506
2002-09-16,54.00353468256688,-22.7059860371803,-5.320341194796014,-18.70380625348839
2002-09-17,55.02655066768459,-22.810043819511524,-6.400862613488066,-17.76850321975718
2002-09-18,54.79661646491187,-22.42770560798636,-7.44795035937035,-19.770039221063094
2002-09-19,54.786464102874795,-22.480790734230947,-5.34709582813111,-19.158108215646646
2002-09-20,57.06592061387859,-23.88912699472386,-5.956544265853946,-19.26984386042207
2002-09-21,56.915142813196425,-22.135406705637973,-8.389128927046563,-18.21103213723632
2002-09-22,57.614336416860155,-22.94895422079466,-9.214447431141561,-17.055876783009758
2002-09-23,57.474928098523456,-21.964022380324163,-9.862983344782899,-17.892934944725233
2002-09-24,57.40250452046438,-21.419675546127397,-9.881616498654228,-18.213307698053693
2002-09-25,57.69694689048936,-20.70741628512561,-9.226483352332528,-17.216325953342196
2002-09-26,58.82356474827524,-19.71254341653452,-9.22293450826475,-16.717823507929616
